Id	CharacterId	Name	Talent	Order	LearnType	LearnLevel
1	1	Activate Monado	1	0	1	0
2	1	Turn Strike	1	0	1	0
3	1	Buster	0	9	1	0
4	1	Enchant	0	10	1	0
5	1	Shield	0	11	2	0
6	1	Speed	0	12	2	0
7	1	Purge	0	13	2	0
8	1	Eater	0	15	2	0
9	1	Armour	0	16	2	0
10	1	Cyclone	0	14	2	0
11	1	Slit Edge	0	2	1	3
12	1	Back Slash	0	1	1	0
13	1	Light Heal	0	6	1	0
14	1	Shaker Edge	0	5	1	23
15	1	Air Slash	0	4	1	14
16	1	Shadow Eye	0	7	1	10
17	1	Battle Soul	0	8	1	32
18	1	Stream Edge	0	3	1	5
19	2	Mad Taunt	1	0	1	0
20	2	Hammer Beat	0	1	1	0
21	2	Wild Down	0	7	1	0
22	2	Guard Shift	0	15	1	9
23	2	War Swing	0	4	1	7
24	2	Sword Drive	0	5	1	16
25	2	Berserker	0	11	1	19
26	2	Shield Bash	0	8	1	27
27	2	Engage	0	10	1	11
28	2	Last Stand	0	12	1	23
29	2	Rage	0	9	1	3
30	2	Magnum Charge	0	16	1	35
31	2	Bone Upper	0	2	1	0
32	2	Dive Sobat	0	3	1	31
33	2	Aura Burst	0	14	1	5
34	2	Anchor Chain	0	13	1	39
35	2	Lariat	0	6	1	43
36	3	Butterfly Step	1	0	1	0
37	3	Power Smash	0	1	1	0
38	3	Screw Edge	0	3	1	0
39	3	Hidden Thorn	0	4	1	5
40	3	Lacerate	0	2	1	8
41	4	Blossom Dance	1	0	1	0
42	4	Cutting Petal	1	0	1	0
43	4	Twisting Petal	1	0	1	0
44	4	Falling Petal	1	0	1	0
45	4	Gale Slash	0	1	1	0
46	4	Electric Gutbuster	0	3	1	0
47	4	Peerless	0	9	1	0
48	4	Worldly Slash	0	2	1	0
49	4	Battle Eye	0	10	1	0
50	4	Steel Strike	0	6	1	0
51	4	Serene Heart	0	12	1	28
52	4	Final Flicker	0	16	1	52
53	4	Jaws of Death	0	14	1	48
54	4	Tempest Kick	0	4	1	32
55	4	Heat Haze	0	13	1	36
56	4	Spirit Breath	0	11	1	22
57	4	Soaring Tempest	0	5	1	44
58	4	Thunder	0	8	1	40
59	4	Demon Slayer	0	7	1	56
60	4	Blinding Blossom	0	15	1	24
61	5	Cool Off	1	0	1	0
62	5	Overdrive	1	0	1	0
63	5	Heal Bullet	0	1	1	0
64	5	Thunder Bullet	0	10	1	0
65	5	Shield Bullet	0	6	1	0
66	5	Cure Bullet	0	4	1	0
67	5	Drive Boost	0	13	1	50
68	5	Heal Blast	0	2	1	14
69	5	Heal Round	0	3	1	18
70	5	Head Shot	0	16	1	42
71	5	Metal Blast	0	14	1	16
72	5	Aura Bullet	0	9	1	34
73	5	Heat Bullet	0	8	1	22
74	5	Head Shaker	0	15	1	30
75	5	Covert Stance	0	12	1	26
76	5	Heal Counter	0	7	1	38
77	5	Tranquilliser	0	11	1	12
78	5	Cure Round	0	5	1	46
79	6	Yoink!	1	0	1	0
80	6	Happy Happy	0	12	1	0
81	6	Bitey Bitey	0	2	1	0
82	6	Sneaky	0	1	1	0
83	6	Play Dead	0	15	1	0
84	6	Lurgy	0	5	1	0
85	6	Hero Time	0	14	1	0
86	6	Roly-Poly	0	11	1	0
87	6	Behave	0	6	1	0
88	6	Riki is Angry	0	16	1	47
89	6	Bedtime	0	8	1	35
90	6	You Can Do It	0	13	1	27
91	6	Peekaboo	0	3	1	51
92	6	Say Sorry	0	4	1	55
93	6	Burninate	0	9	1	43
94	6	Freezinate	0	7	1	31
95	6	Tantrum	0	10	1	40
96	7	Elemental Discharge	1	0	1	0
97	7	Electric Discharge	1	0	1	0
98	7	Fire Discharge	1	0	1	0
99	7	Ice Discharge	1	0	1	0
100	7	Wind Discharge	1	0	1	0
101	7	Earth Discharge	1	0	1	0
102	7	Water Discharge	1	0	1	0
103	7	Summon Bolt	0	1	1	0
104	7	Summon Flare	0	2	1	0
105	7	Summon Ice	0	6	1	56
106	7	Hypnotise	0	12	1	0
107	7	Spear Break	0	14	1	0
108	7	Shadow Stitch	0	13	1	29
109	7	Summon Copy	0	7	1	38
110	7	Reflection	0	8	1	50
111	7	Summon Wind	0	4	1	41
112	7	Summon Earth	0	5	1	47
113	7	Summon Aqua	0	3	1	32
114	7	Healing Gift	0	9	1	35
115	7	Starlight Kick	0	15	1	44
116	7	Power Effect	0	10	1	53
117	7	Burst End	0	11	1	0
118	7	Mind Blast	0	16	2	0
119	8	Cannon Drones I	1	0	1	0
120	8	Gun Drones I	1	0	1	0
121	8	Sword Drones I	1	0	1	0
122	8	Shield Drones I	1	0	1	0
123	8	Cannon Drones II	1	0	1	0
124	8	Gun Drones II	1	0	1	0
125	8	Sword Drones II	1	0	1	0
126	8	Shield Drones II	1	0	1	0
127	8	Sword Drones X	1	0	1	0
128	8	Double Blade	0	1	1	0
129	8	Healing Energy	0	9	1	0
130	8	Spear Blade	0	2	1	0
131	8	Cross Impact	0	6	1	0
132	8	Speed Shift	0	12	1	61
133	8	Zero Gravity	0	14	1	0
134	8	Lock-On	0	10	1	46
135	8	Ether Drain	0	13	1	0
136	8	Double Wind	0	3	1	42
137	8	Mag Storm	0	7	1	49
138	8	Shutdown	0	4	1	52
139	8	Air Fang	0	5	1	0
140	8	Power Drain	0	15	1	58
141	8	Guard Shift	0	11	1	55
142	8	Second Gear	0	8	1	43
143	8	Final Cross	0	16	2	1
153	14	Doze Off	1	0	1	0
154	14	Overdrive	1	0	1	0
155	14	Healy Bullet	0	1	1	0
156	14	Crackle Bullet	0	10	1	0
157	14	Shield Kaclang	0	6	1	0
158	14	Cure Thingamie	0	4	1	0
159	14	B-B-B-Boost	0	13	1	50
160	14	Heal Kaboom	0	2	1	14
161	14	Heal Round-a-Round	0	3	1	18
162	14	Noggin Shot	0	16	1	42
163	14	'Ittle Blast	0	14	1	16
164	14	Aurorora Bullet	0	9	1	34
165	14	Toasty-Hot Bullet	0	8	1	22
166	14	Egg Shaker	0	15	1	30
167	14	Yoghurt Stance	0	12	1	26
168	14	Healy Counter	0	7	1	38
169	14	Tranquilsnooze	0	11	1	12
170	14	Curedy-Pure Round	0	5	1	46
171	15	Glad Taunt	1	0	1	0
172	15	Hammer Beat	0	1	1	0
173	15	Mild Down	0	7	1	0
174	15	Guard Sift	0	15	1	9
175	15	Feather Swing	0	4	1	7
176	15	Sword Drive	0	5	1	16
177	15	Berserker	0	11	1	19
178	15	Shield Kersmash	0	8	1	27
179	15	Engage	0	10	1	11
180	15	Last Stand	0	12	1	23
181	15	Hangry	0	9	1	3
182	15	Magnum Starch	0	16	1	35
183	15	Bone Upper	0	2	1	0
184	15	Chive Sobat	0	3	1	31
185	15	Aura Toast	0	14	1	5
186	15	Anchor Chain	0	13	1	39
187	15	Lariat	0	6	1	43
