Id	Name
1	Strength Up
2	Chill Defence
3	Sleep Resist
4	Slow Resist
5	Bind Resist
6	Buff Time Plus
7	Weapon Power
8	Strength Down
9	Blaze Plus
10	Blaze Attack
11	Spike
12	Revival HP Up
13	Initial Tension
14	Aggro Up
15	EXP Up
16	Weaken
17	HP Up
18	Poison Defence
19	Spike Defence
20	Paralysis Resist
21	Debuff Resist
22	Recovery Up
23	Aura Heal
24	Damage Heal
25	Arts Heal
26	HP Steal
27	Unbeatable
28	AP Up
29	Aquatic Cloak
30	Auto-Heal Up
31	Terrain Defence
32	HP Weaken
33	Ether Up
34	Double Attack
35	Daze Resist
36	Pierce Resist
37	Daze Plus
38	Phys Def Down
39	Paralysis
40	Lightning Attack
41	Electric Plus
42	Back Atk Plus
43	First Atk Plus
44	Daze Up
45	Cast Quicken
46	Tension Swing
47	Daze Tension
48	Ether Weaken
49	Ether Def Up
50	Blaze Defence
51	Lock-On Resist
52	Confuse Resist
53	Critical Resist
54	Ether Protect
55	Slow
56	Bind
57	Ether Def Down
58	Chill Plus
59	Chill Attack
60	Auto-Atk Stealth
61	Arts Stealth
62	Talent Boost
63	Heat Sink
64	Ether Smash
65	Agility Up
66	Topple Resist
67	Good Footing
68	Arts Seal Resist
69	Accuracy Up
70	Haste
71	Topple Plus
72	Bleed Attack
73	Bleed Plus
74	Topple Up
75	Agility Down
76	Break
77	Quick Step
78	Fall Defence
79	Aerial Cloak
80	Agility Weaken
81	Muscle Up
82	Attack Stability
83	Attack Plus
84	Critical Up
85	Bleed Defence
86	Divine Protect
87	Physical Protect
88	Night Vision
89	Debuff Plus
90	Armour Power
91	Ether Down
92	Poison Plus
93	Poison Attack
94	Aggro Down
95	Earth Cloak
96	Muscle Waste
97	Unbeatable
98	Impurity
