Effect	Rank	Minimum	Maximum	Chance	Attribute	ValueType	Attachment
1	1	5	10	0	4	1	0
1	2	15	20	0	4	1	0
1	3	25	30	0	4	1	0
1	4	35	40	0	4	1	0
1	5	45	50	0	4	1	0
1	6	75	100	0	4	1	0
2	1	2	4	0	4	3	2
2	2	6	8	0	4	3	2
2	3	10	12	0	4	3	2
2	4	14	16	0	4	3	2
2	5	18	25	0	4	3	2
2	6	50	75	0	4	3	2
3	1	4	10	0	4	3	2
3	2	12	18	0	4	3	2
3	3	20	26	0	4	3	2
3	4	28	34	0	4	3	2
3	5	36	50	0	4	3	2
3	6	75	100	0	4	3	2
4	1	4	10	0	4	3	2
4	2	12	18	0	4	3	2
4	3	20	26	0	4	3	2
4	4	28	34	0	4	3	2
4	5	36	50	0	4	3	2
4	6	75	100	0	4	3	2
5	1	4	10	0	4	3	2
5	2	12	18	0	4	3	2
5	3	20	26	0	4	3	2
5	4	28	34	0	4	3	2
5	5	36	50	0	4	3	2
5	6	75	100	0	4	3	2
6	1	10	20	0	4	3	2
6	2	30	40	0	4	3	2
6	3	50	60	0	4	3	2
6	4	70	80	0	4	3	2
6	5	90	100	0	4	3	2
6	6	120	150	0	4	3	2
7	1	2	6	0	4	3	1
7	2	8	12	0	4	3	1
7	3	14	18	0	4	3	1
7	4	20	24	0	4	3	1
7	5	26	30	0	4	3	1
7	6	40	50	0	4	3	1
8	1	2	4	10	4	3	1
8	2	6	8	12	4	3	1
8	3	10	12	16	4	3	1
8	4	14	16	20	4	3	1
8	5	18	20	25	4	3	1
8	6	22	25	30	4	3	1
9	1	5	10	0	4	3	1
9	2	15	20	0	4	3	1
9	3	25	30	0	4	3	1
9	4	35	40	0	4	3	1
9	5	45	50	0	4	3	1
9	6	75	100	0	4	3	1
10	1	20	30	10	4	1	1
10	2	40	50	12	4	1	1
10	3	60	70	16	4	1	1
10	4	80	90	20	4	1	1
10	5	100	120	25	4	1	1
10	6	150	200	30	4	1	1
11	1	20	40	0	4	1	2
11	2	60	80	0	4	1	2
11	3	100	120	0	4	1	2
11	4	140	160	0	4	1	2
11	5	180	200	0	4	1	2
11	6	220	250	0	4	1	2
12	1	4	6	0	4	3	0
12	2	8	10	0	4	3	0
12	3	12	14	0	4	3	0
12	4	16	18	0	4	3	0
12	5	20	22	0	4	3	0
12	6	24	30	0	4	3	0
13	1	5	10	0	4	1	0
13	2	15	20	0	4	1	0
13	3	25	30	0	4	1	0
13	4	35	40	0	4	1	0
13	5	45	50	0	4	1	0
13	6	75	100	0	4	1	0
14	1	2	4	0	4	3	1
14	2	6	8	0	4	3	1
14	3	10	12	0	4	3	1
14	4	14	16	0	4	3	1
14	5	18	20	0	4	3	1
14	6	22	25	0	4	3	1
15	1	5	10	0	4	3	0
15	2	15	20	0	4	3	0
15	3	25	30	0	4	3	0
15	4	35	40	0	4	3	0
15	5	45	50	0	4	3	0
15	6	75	100	0	4	3	0
17	1	2	6	0	5	3	0
17	2	8	12	0	5	3	0
17	3	14	18	0	5	3	0
17	4	20	24	0	5	3	0
17	5	26	30	0	5	3	0
17	6	40	50	0	5	3	0
18	1	2	4	0	5	3	2
18	2	6	8	0	5	3	2
18	3	10	12	0	5	3	2
18	4	14	16	0	5	3	2
18	5	18	25	0	5	3	2
18	6	50	75	0	5	3	2
19	1	4	10	0	5	3	2
19	2	12	18	0	5	3	2
19	3	20	26	0	5	3	2
19	4	28	34	0	5	3	2
19	5	36	50	0	5	3	2
19	6	60	75	0	5	3	2
20	1	4	10	0	5	3	2
20	2	12	18	0	5	3	2
20	3	20	26	0	5	3	2
20	4	28	34	0	5	3	2
20	5	36	50	0	5	3	2
20	6	75	100	0	5	3	2
21	1	4	10	0	5	3	2
21	2	12	18	0	5	3	2
21	3	20	26	0	5	3	2
21	4	28	34	0	5	3	2
21	5	36	50	0	5	3	2
21	6	75	100	0	5	3	2
22	1	2	6	0	5	3	2
22	2	8	12	0	5	3	2
22	3	14	18	0	5	3	2
22	4	20	24	0	5	3	2
22	5	26	30	0	5	3	2
22	6	40	50	0	5	3	2
23	1	10	20	0	5	1	2
23	2	30	40	0	5	1	2
23	3	50	60	0	5	1	2
23	4	70	80	0	5	1	2
23	5	90	100	0	5	1	2
23	6	120	150	0	5	1	2
24	1	10	20	10	5	1	2
24	2	30	40	12	5	1	2
24	3	50	60	16	5	1	2
24	4	70	80	20	5	1	2
24	5	90	100	25	5	1	2
24	6	150	200	30	5	1	2
25	1	5	10	0	5	1	1
25	2	15	20	0	5	1	1
25	3	25	30	0	5	1	1
25	4	35	40	0	5	1	1
25	5	45	50	0	5	1	1
25	6	75	100	0	5	1	1
26	1	10	20	5	5	1	1
26	2	30	40	8	5	1	1
26	3	50	60	12	5	1	1
26	4	70	80	15	5	1	1
26	5	90	100	20	5	1	1
26	6	150	200	25	5	1	1
27	1	4	10	0	5	3	2
27	2	12	18	0	5	3	2
27	3	20	26	0	5	3	2
27	4	28	34	0	5	3	2
27	5	36	42	0	5	3	2
27	6	44	50	0	5	3	2
28	1	5	10	0	5	3	0
28	2	15	20	0	5	3	0
28	3	25	30	0	5	3	0
28	4	35	40	0	5	3	0
28	5	45	50	0	5	3	0
28	6	75	100	0	5	3	0
29	1	2	10	0	5	3	0
29	2	12	20	0	5	3	0
29	3	22	30	0	5	3	0
29	4	32	40	0	5	3	0
29	5	42	50	0	5	3	0
29	6	52	60	0	5	3	0
30	1	2	4	0	5	3	2
30	2	6	8	0	5	3	2
30	3	10	12	0	5	3	2
30	4	14	16	0	5	3	2
30	5	18	20	0	5	3	2
30	6	22	25	0	5	3	2
31	1	2	10	0	5	3	2
31	2	12	20	0	5	3	2
31	3	22	30	0	5	3	2
31	4	32	40	0	5	3	2
31	5	42	50	0	5	3	2
31	6	60	75	0	5	3	2
33	1	5	10	0	6	1	0
33	2	15	20	0	6	1	0
33	3	25	30	0	6	1	0
33	4	35	40	0	6	1	0
33	5	45	50	0	6	1	0
33	6	75	100	0	6	1	0
34	1	2	6	0	6	3	1
34	2	8	12	0	6	3	1
34	3	14	18	0	6	3	1
34	4	20	24	0	6	3	1
34	5	26	30	0	6	3	1
34	6	40	50	0	6	3	1
35	1	4	10	0	6	3	2
35	2	12	18	0	6	3	2
35	3	20	26	0	6	3	2
35	4	28	34	0	6	3	2
35	5	36	50	0	6	3	2
35	6	75	100	0	6	3	2
36	1	4	10	0	6	3	2
36	2	12	18	0	6	3	2
36	3	20	26	0	6	3	2
36	4	28	34	0	6	3	2
36	5	36	50	0	6	3	2
36	6	75	100	0	6	3	2
37	1	5	10	0	6	3	1
37	2	15	20	0	6	3	1
37	3	25	30	0	6	3	1
37	4	35	40	0	6	3	1
37	5	45	50	0	6	3	1
37	6	75	100	0	6	3	1
38	1	2	4	10	6	3	1
38	2	6	8	12	6	3	1
38	3	10	12	16	6	3	1
38	4	14	16	20	6	3	1
38	5	18	20	25	6	3	1
38	6	22	25	30	6	3	1
39	1	0	0	5	6	3	1
39	2	0	0	8	6	3	1
39	3	0	0	12	6	3	1
39	4	0	0	15	6	3	1
39	5	0	0	20	6	3	1
39	6	0	0	25	6	3	1
40	1	20	40	0	6	1	1
40	2	60	80	0	6	1	1
40	3	100	120	0	6	1	1
40	4	140	160	0	6	1	1
40	5	180	200	0	6	1	1
40	6	220	250	0	6	1	1
41	1	5	10	0	6	3	1
41	2	15	20	0	6	3	1
41	3	25	30	0	6	3	1
41	4	35	40	0	6	3	1
41	5	45	50	0	6	3	1
41	6	75	100	0	6	3	1
42	1	5	10	0	6	3	1
42	2	15	20	0	6	3	1
42	3	25	30	0	6	3	1
42	4	35	40	0	6	3	1
42	5	45	50	0	6	3	1
42	6	75	100	0	6	3	1
43	1	10	20	0	6	3	1
43	2	30	40	0	6	3	1
43	3	50	60	0	6	3	1
43	4	70	80	0	6	3	1
43	5	90	100	0	6	3	1
43	6	120	150	0	6	3	1
44	1	5	10	0	6	3	1
44	2	15	20	0	6	3	1
44	3	25	30	0	6	3	1
44	4	35	40	0	6	3	1
44	5	45	50	0	6	3	1
44	6	75	100	0	6	3	1
46	1	4	10	0	6	3	2
46	2	12	18	0	6	3	2
46	3	20	26	0	6	3	2
46	4	28	34	0	6	3	2
46	5	36	42	0	6	3	2
46	6	44	50	0	6	3	2
47	1	2	4	0	6	1	1
47	2	6	8	0	6	1	1
47	3	10	12	0	6	1	1
47	4	14	16	0	6	1	1
47	5	18	20	0	6	1	1
47	6	22	25	0	6	1	1
49	1	5	10	0	7	1	0
49	2	15	20	0	7	1	0
49	3	25	30	0	7	1	0
49	4	35	40	0	7	1	0
49	5	45	50	0	7	1	0
49	6	75	100	0	7	1	0
50	1	2	4	0	7	3	2
50	2	6	8	0	7	3	2
50	3	10	12	0	7	3	2
50	4	14	16	0	7	3	2
50	5	18	25	0	7	3	2
50	6	50	75	0	7	3	2
51	1	4	10	0	7	3	2
51	2	12	18	0	7	3	2
51	3	20	26	0	7	3	2
51	4	28	34	0	7	3	2
51	5	36	50	0	7	3	2
51	6	75	100	0	7	3	2
52	1	4	10	0	7	3	2
52	2	12	18	0	7	3	2
52	3	20	26	0	7	3	2
52	4	28	34	0	7	3	2
52	5	36	50	0	7	3	2
52	6	75	100	0	7	3	2
53	1	4	10	0	7	3	2
53	2	12	18	0	7	3	2
53	3	20	26	0	7	3	2
53	4	28	34	0	7	3	2
53	5	36	50	0	7	3	2
53	6	75	100	0	7	3	2
54	1	4	10	0	7	3	2
54	2	12	18	0	7	3	2
54	3	20	26	0	7	3	2
54	4	28	34	0	7	3	2
54	5	36	42	0	7	3	2
54	6	44	50	0	7	3	2
55	1	0	0	5	7	0	1
55	2	0	0	8	7	0	1
55	3	0	0	12	7	0	1
55	4	0	0	15	7	0	1
55	5	0	0	20	7	0	1
55	6	0	0	25	7	0	1
56	1	0	0	5	7	0	1
56	2	0	0	8	7	0	1
56	3	0	0	12	7	0	1
56	4	0	0	15	7	0	1
56	5	0	0	20	7	0	1
56	6	0	0	25	7	0	1
57	1	2	4	10	7	3	1
57	2	6	8	12	7	3	1
57	3	10	12	16	7	3	1
57	4	14	16	20	7	3	1
57	5	18	20	25	7	3	1
57	6	22	25	30	7	3	1
58	1	5	10	0	7	3	1
58	2	15	20	0	7	3	1
58	3	25	30	0	7	3	1
58	4	35	40	0	7	3	1
58	5	45	50	0	7	3	1
58	6	75	100	0	7	3	1
59	1	10	20	10	7	1	1
59	2	30	40	12	7	1	1
59	3	50	60	16	7	1	1
59	4	70	80	20	7	1	1
59	5	90	100	25	7	1	1
59	6	120	150	30	7	1	1
60	1	2	6	0	7	3	1
60	2	8	12	0	7	3	1
60	3	14	18	0	7	3	1
60	4	20	24	0	7	3	1
60	5	26	30	0	7	3	1
60	6	40	50	0	7	3	1
61	1	2	6	0	7	3	1
61	2	8	12	0	7	3	1
61	3	14	18	0	7	3	1
61	4	20	24	0	7	3	1
61	5	26	30	0	7	3	1
61	6	40	50	0	7	3	1
62	1	1	2	0	7	1	1
62	2	3	4	0	7	1	1
62	3	5	6	0	7	1	1
62	4	7	8	0	7	1	1
62	5	9	10	0	7	1	1
62	6	11	12	0	7	1	1
63	1	4	10	0	7	3	1
63	2	12	18	0	7	3	1
63	3	20	26	0	7	3	1
63	4	28	34	0	7	3	1
63	5	36	42	0	7	3	1
63	6	44	50	0	7	3	1
65	1	2	6	0	8	1	0
65	2	8	12	0	8	1	0
65	3	14	18	0	8	1	0
65	4	20	24	0	8	1	0
65	5	26	30	0	8	1	0
65	6	40	50	0	8	1	0
66	1	4	10	0	8	3	2
66	2	12	18	0	8	3	2
66	3	20	26	0	8	3	2
66	4	28	34	0	8	3	2
66	5	36	50	0	8	3	2
66	6	75	100	0	8	3	2
67	1	4	10	0	8	3	2
67	2	12	18	0	8	3	2
67	3	20	26	0	8	3	2
67	4	28	34	0	8	3	2
67	5	36	50	0	8	3	2
67	6	75	100	0	8	3	2
68	1	4	10	0	8	3	2
68	2	12	18	0	8	3	2
68	3	20	26	0	8	3	2
68	4	28	34	0	8	3	2
68	5	36	50	0	8	3	2
68	6	75	100	0	8	3	2
70	1	4	10	0	8	3	1
70	2	12	18	0	8	3	1
70	3	20	26	0	8	3	1
70	4	28	34	0	8	3	1
70	5	36	42	0	8	3	1
70	6	44	50	0	8	3	1
71	1	5	10	0	8	3	1
71	2	15	20	0	8	3	1
71	3	25	30	0	8	3	1
71	4	35	40	0	8	3	1
71	5	45	50	0	8	3	1
71	6	75	100	0	8	3	1
72	1	40	60	10	8	1	1
72	2	70	90	12	8	1	1
72	3	100	120	16	8	1	1
72	4	130	150	20	8	1	1
72	5	160	180	25	8	1	1
72	6	200	250	30	8	1	1
73	1	5	10	0	8	3	1
73	2	15	20	0	8	3	1
73	3	25	30	0	8	3	1
73	4	35	40	0	8	3	1
73	5	45	50	0	8	3	1
73	6	75	100	0	8	3	1
74	1	5	10	0	8	3	1
74	2	15	20	0	8	3	1
74	3	25	30	0	8	3	1
74	4	35	40	0	8	3	1
74	5	45	50	0	8	3	1
74	6	75	100	0	8	3	1
75	1	2	4	10	8	3	1
75	2	6	8	12	8	3	1
75	3	10	12	16	8	3	1
75	4	14	16	20	8	3	1
75	5	18	20	25	8	3	1
75	6	22	25	30	8	3	1
76	1	0	0	5	8	0	1
76	2	0	0	8	8	0	1
76	3	0	0	12	8	0	1
76	4	0	0	15	8	0	1
76	5	0	0	20	8	0	1
76	6	0	0	25	8	0	1
77	1	2	4	0	8	3	2
77	2	6	8	0	8	3	2
77	3	10	12	0	8	3	2
77	4	14	16	0	8	3	2
77	5	18	20	0	8	3	2
77	6	22	25	0	8	3	2
78	1	2	10	0	8	3	2
78	2	12	20	0	8	3	2
78	3	22	30	0	8	3	2
78	4	32	40	0	8	3	2
78	5	42	50	0	8	3	2
78	6	60	75	0	8	3	2
79	1	2	10	0	8	3	0
79	2	12	20	0	8	3	0
79	3	22	30	0	8	3	0
79	4	32	40	0	8	3	0
79	5	42	50	0	8	3	0
79	6	52	60	0	8	3	0
81	1	5	10	0	9	1	0
81	2	15	20	0	9	1	0
81	3	25	30	0	9	1	0
81	4	35	40	0	9	1	0
81	5	45	50	0	9	1	0
81	6	75	100	0	9	1	0
82	1	4	10	0	9	3	1
82	2	12	18	0	9	3	1
82	3	20	26	0	9	3	1
82	4	28	34	0	9	3	1
82	5	36	42	0	9	3	1
82	6	44	50	0	9	3	1
83	1	4	10	0	9	3	1
83	2	12	18	0	9	3	1
83	3	20	26	0	9	3	1
83	4	28	34	0	9	3	1
83	5	36	42	0	9	3	1
83	6	44	50	0	9	3	1
84	1	2	4	0	9	3	1
84	2	6	8	0	9	3	1
84	3	10	12	0	9	3	1
84	4	14	16	0	9	3	1
84	5	18	20	0	9	3	1
84	6	22	25	0	9	3	1
85	1	2	4	0	9	3	2
85	2	6	8	0	9	3	2
85	3	10	12	0	9	3	2
85	4	14	16	0	9	3	2
85	5	18	25	0	9	3	2
85	6	50	75	0	9	3	2
86	1	4	10	0	9	3	2
86	2	12	18	0	9	3	2
86	3	20	26	0	9	3	2
86	4	28	34	0	9	3	2
86	5	36	50	0	9	3	2
86	6	75	100	0	9	3	2
87	1	4	10	0	9	3	2
87	2	12	18	0	9	3	2
87	3	20	26	0	9	3	2
87	4	28	34	0	9	3	2
87	5	36	42	0	9	3	2
87	6	44	50	0	9	3	2
88	1	4	10	0	9	3	1
88	2	12	18	0	9	3	1
88	3	20	26	0	9	3	1
88	4	28	34	0	9	3	1
88	5	36	42	0	9	3	1
88	6	44	50	0	9	3	1
89	1	10	20	0	9	3	1
89	2	30	40	0	9	3	1
89	3	50	60	0	9	3	1
89	4	70	80	0	9	3	1
89	5	90	100	0	9	3	1
89	6	120	150	0	9	3	1
91	1	2	4	10	9	3	1
91	2	6	8	12	9	3	1
91	3	10	12	16	9	3	1
91	4	14	16	20	9	3	1
91	5	18	20	25	9	3	1
91	6	22	25	30	9	3	1
92	1	5	10	0	9	3	1
92	2	15	20	0	9	3	1
92	3	25	30	0	9	3	1
92	4	35	40	0	9	3	1
92	5	45	50	0	9	3	1
92	6	75	100	0	9	3	1
93	1	40	60	10	9	1	1
93	2	70	90	12	9	1	1
93	3	100	120	16	9	1	1
93	4	130	150	20	9	1	1
93	5	160	180	25	9	1	1
93	6	200	250	30	9	1	1
94	1	2	4	0	9	3	1
94	2	6	8	0	9	3	1
94	3	10	12	0	9	3	1
94	4	14	16	0	9	3	1
94	5	18	20	0	9	3	1
94	6	22	25	0	9	3	1
95	1	2	10	0	9	3	0
95	2	12	20	0	9	3	0
95	3	22	30	0	9	3	0
95	4	32	40	0	9	3	0
95	5	42	50	0	9	3	0
95	6	52	60	0	9	3	0
97	1	1	3	0	5	3	0
97	2	3	5	0	5	3	0
97	3	5	7	0	5	3	0
97	4	7	9	0	5	3	0
97	5	9	11	0	5	3	0
97	6	15	25	0	5	3	0
