CharacterId	Index	Name
1	1	Integrity
1	2	Humanity
1	3	Intuition
1	4	Bravery
1	5	Pessimism
2	1	Spirit
2	2	Enthusiasm
2	3	Diligence
2	4	Camaraderie
2	5	Impatience
3	1	Courage
3	2	Daring
3	3	Zeal
3	4	Innocence
3	5	Rashness
4	1	Bravery
4	2	Wisdom
4	3	Prudence
4	4	Enthusiasm
4	5	Obstinance
5	1	Devotion
5	2	Perseverance
5	3	Confidence
5	4	Affection
5	5	Reliance
6	1	Vivacity
6	2	Innocence
6	3	Flexibility
6	4	Heroism
6	5	Cowardice
7	1	Serenity
7	2	Honesty
7	3	Reliability
7	4	Passion
7	5	Reticence
8	1	Courage
8	2	Daring
8	3	Zeal
8	4	Innocence
8	5	Rashness
