CharacterId	SourceCharacterId	Slot1	Slot2	Slot3	Slot4	Slot5
1	1	None	None	None	None	None
1	2	Square	Circle	Octagram	Square	Octagram
1	3	Circle	Octagram	Square	Circle	Octagram
1	4	Circle	Square	Circle	Octagram	Octagram
1	5	Circle	Octagram	Circle	Octagram	Square
1	6	Circle	Octagram	Octagram	Circle	Hexagon
1	7	Octagram	Circle	Octagram	Square	Circle
1	8	Circle	Octagram	Square	Circle	Octagram
2	1	Circle	Octagram	Square	Hexagon	Octagram
2	2	None	None	None	None	None
2	3	Octagram	Octagram	Square	Circle	Circle
2	4	Octagram	Circle	Square	Circle	Octagram
2	5	Octagram	Circle	Square	Octagram	Circle
2	6	Circle	Octagram	Circle	Octagram	Hexagon
2	7	Octagram	Octagram	Circle	Octagram	Circle
2	8	Octagram	Octagram	Square	Circle	Circle
3	1	Circle	Square	Circle	Hexagon	Square
3	2	Square	Circle	Hexagon	Square	Circle
3	3	None	None	None	None	None
3	4	Circle	Circle	Square	Circle	Hexagon
3	5	Circle	Square	Circle	Square	Hexagon
3	6	Circle	Circle	Circle	Hexagon	Hexagon
3	7	Circle	Circle	Square	Circle	Square
3	8	Circle	Octagram	Square	Circle	Octagram
4	1	Square	Circle	Octagram	Octagram	Octagram
4	2	Octagram	Circle	Square	Octagram	Octagram
4	3	Hexagon	Octagram	Octagram	Circle	Octagram
4	4	None	None	None	None	None
4	5	Octagram	Square	Circle	Circle	Octagram
4	6	Circle	Octagram	Octagram	Hexagon	Circle
4	7	Circle	Octagram	Octagram	Circle	Octagram
4	8	Hexagon	Octagram	Octagram	Circle	Octagram
5	1	Square	Circle	Hexagon	Circle	Octagram
5	2	Square	Octagram	Square	Circle	Octagram
5	3	Square	Circle	Square	Octagram	Circle
5	4	Circle	Square	Circle	Octagram	Square
5	5	None	None	None	None	None
5	6	Circle	Circle	Octagram	Octagram	Hexagon
5	7	Octagram	Circle	Octagram	Circle	Square
5	8	Square	Circle	Square	Octagram	Circle
6	1	Square	Circle	Hexagon	Octagram	Octagram
6	2	Circle	Square	Octagram	Circle	Circle
6	3	Square	Circle	Octagram	Circle	Octagram
6	4	Octagram	Square	Octagram	Circle	Hexagon
6	5	Circle	Octagram	Circle	Octagram	Square
6	6	None	None	None	None	None
6	7	Circle	Octagram	Circle	Octagram	Octagram
6	8	Square	Circle	Octagram	Circle	Octagram
7	1	Octagram	Circle	Square	Hexagon	Octagram
7	2	Square	Square	Circle	Square	Octagram
7	3	Square	Circle	Square	Octagram	Circle
7	4	Circle	Square	Circle	Hexagon	Octagram
7	5	Hexagon	Circle	Octagram	Square	Square
7	6	Circle	Hexagon	Octagram	Octagram	Circle
7	7	None	None	None	None	None
7	8	Circle	Octagram	Square	Circle	Octagram
8	1	Circle	Square	Circle	Hexagon	Square
8	2	Square	Circle	Hexagon	Square	Circle
8	3	Circle	Octagram	Square	Circle	Octagram
8	4	Circle	Circle	Square	Circle	Hexagon
8	5	Circle	Square	Circle	Square	Hexagon
8	6	Circle	Circle	Circle	Hexagon	Hexagon
8	7	Circle	Circle	Square	Circle	Square
8	8	None	None	None	None	None
